{
  "experiment_id": "exp2f_frontier_arms_race",
  "total_games": 192,
  "completed_games": 192,
  "failed_games": 0,
  "metrics": {
    "avg_precision": 0.6167534722222213,
    "std_precision": 0.3907284161146871,
    "avg_recall": 0.704861111111111,
    "std_recall": 0.42720132204376793,
    "avg_f1_score": 0.6518334385521883,
    "std_f1_score": 0.39942563370763645,
    "avg_evasion_rate": 0.2951388888888889,
    "std_evasion_rate": 0.42720132204376793,
    "total_vulnerabilities": 860,
    "total_findings": 693
  },
  "by_difficulty": {
    "medium": {
      "count": 96,
      "precision": 53.866666666666674,
      "recall": 69.13333333333333,
      "f1": 59.95952380952378,
      "evasion": 26.866666666666664,
      "avg_precision": 0.5611111111111112,
      "avg_recall": 0.7201388888888888,
      "avg_f1": 0.6245783730158727,
      "avg_evasion": 0.27986111111111106
    },
    "hard": {
      "count": 96,
      "precision": 64.54999999999998,
      "recall": 66.19999999999996,
      "f1": 65.19249639249634,
      "evasion": 29.79999999999999,
      "avg_precision": 0.6723958333333332,
      "avg_recall": 0.6895833333333329,
      "avg_f1": 0.6790885040885035,
      "avg_evasion": 0.31041666666666656
    }
  },
  "by_condition": {
    "baseline": {
      "count": 48,
      "precision": 39.966666666666654,
      "recall": 46.26666666666665,
      "f1": 42.524531024531015,
      "evasion": 1.7333333333333332,
      "avg_precision": 0.8326388888888886,
      "avg_recall": 0.9638888888888886,
      "avg_f1": 0.8859277296777295,
      "avg_evasion": 0.03611111111111111
    },
    "red_pipeline": {
      "count": 48,
      "precision": 25.86666666666667,
      "recall": 25.800000000000004,
      "f1": 25.7959595959596,
      "evasion": 22.199999999999996,
      "avg_precision": 0.538888888888889,
      "avg_recall": 0.5375000000000001,
      "avg_f1": 0.5374158249158251,
      "avg_evasion": 0.4624999999999999
    },
    "blue_ensemble": {
      "count": 48,
      "precision": 36.71666666666666,
      "recall": 46.66666666666666,
      "f1": 40.63152958152957,
      "evasion": 1.3333333333333333,
      "avg_precision": 0.7649305555555554,
      "avg_recall": 0.972222222222222,
      "avg_f1": 0.8464901996151993,
      "avg_evasion": 0.027777777777777776
    },
    "full_multiagent": {
      "count": 48,
      "precision": 15.86666666666667,
      "recall": 16.6,
      "f1": 16.200000000000003,
      "evasion": 31.399999999999995,
      "avg_precision": 0.33055555555555566,
      "avg_recall": 0.3458333333333334,
      "avg_f1": 0.3375000000000001,
      "avg_evasion": 0.6541666666666666
    }
  },
  "by_vuln_source": {
    "database": {
      "count": 192,
      "precision": 118.4166666666665,
      "recall": 135.33333333333331,
      "f1": 125.15202020202015,
      "evasion": 56.66666666666667,
      "avg_precision": 0.6167534722222213,
      "avg_recall": 0.704861111111111,
      "avg_f1": 0.6518334385521883,
      "avg_evasion": 0.2951388888888889
    }
  },
  "completed_at": "2026-03-10T02:18:54.182480"
}