{
  "experiment_id": "exp-20260228_000753",
  "total_games": 270,
  "completed_games": 267,
  "failed_games": 3,
  "metrics": {
    "avg_precision": 0.6990458355626895,
    "avg_recall": 0.9294007490636704,
    "avg_f1_score": 0.7806478373894105,
    "avg_evasion_rate": 0.04438202247191011,
    "total_vulnerabilities": 825,
    "total_findings": 1129
  },
  "by_difficulty": {
    "easy": {
      "count": 89,
      "precision": 48.6833333333333,
      "recall": 80.0,
      "f1": 59.476190476190425,
      "evasion": 4.0,
      "avg_precision": 0.5470037453183517,
      "avg_recall": 0.898876404494382,
      "avg_f1": 0.6682718031032632,
      "avg_evasion": 0.0449438202247191
    },
    "medium": {
      "count": 89,
      "precision": 63.40000000000001,
      "recall": 83.75,
      "f1": 71.27380952380948,
      "evasion": 4.25,
      "avg_precision": 0.7123595505617979,
      "avg_recall": 0.9410112359550562,
      "avg_f1": 0.8008293204922413,
      "avg_evasion": 0.047752808988764044
    },
    "hard": {
      "count": 89,
      "precision": 74.56190476190476,
      "recall": 84.39999999999999,
      "f1": 77.68297258297254,
      "evasion": 3.6000000000000005,
      "avg_precision": 0.8377742108079186,
      "avg_recall": 0.948314606741573,
      "avg_f1": 0.8728423885727251,
      "avg_evasion": 0.040449438202247195
    }
  },
  "by_condition": {
    "batch": {
      "count": 267,
      "precision": 186.64523809523808,
      "recall": 248.15,
      "f1": 208.4329725829727,
      "evasion": 11.85,
      "avg_precision": 0.6990458355626895,
      "avg_recall": 0.9294007490636704,
      "avg_f1": 0.7806478373894108,
      "avg_evasion": 0.04438202247191011
    }
  },
  "by_vuln_source": {
    "database": {
      "count": 267,
      "precision": 186.64523809523808,
      "recall": 248.15,
      "f1": 208.4329725829727,
      "evasion": 11.85,
      "avg_precision": 0.6990458355626895,
      "avg_recall": 0.9294007490636704,
      "avg_f1": 0.7806478373894108,
      "avg_evasion": 0.04438202247191011
    }
  },
  "completed_at": "2026-02-28T04:53:19.437025"
}