{
  "experiment_id": "exp-20260227_152057",
  "total_games": 360,
  "completed_games": 357,
  "failed_games": 3,
  "metrics": {
    "avg_precision": 0.6968720821661998,
    "avg_recall": 0.934407096171802,
    "avg_f1_score": 0.7826674103985027,
    "avg_evasion_rate": 0.05438842203548086,
    "total_vulnerabilities": 1156,
    "total_findings": 1560
  },
  "by_difficulty": {
    "easy": {
      "count": 120,
      "precision": 67.91666666666666,
      "recall": 114.5,
      "f1": 83.43571428571423,
      "evasion": 4.5,
      "avg_precision": 0.5659722222222221,
      "avg_recall": 0.9541666666666667,
      "avg_f1": 0.6952976190476186,
      "avg_evasion": 0.0375
    },
    "medium": {
      "count": 118,
      "precision": 78.99999999999997,
      "recall": 107.33333333333334,
      "f1": 90.0793650793651,
      "evasion": 7.666666666666665,
      "avg_precision": 0.6694915254237286,
      "avg_recall": 0.9096045197740114,
      "avg_f1": 0.763384449825128,
      "avg_evasion": 0.06497175141242936
    },
    "hard": {
      "count": 119,
      "precision": 101.86666666666657,
      "recall": 111.74999999999997,
      "f1": 105.89718614718606,
      "evasion": 7.250000000000002,
      "avg_precision": 0.8560224089635846,
      "avg_recall": 0.9390756302521006,
      "avg_f1": 0.8898923205645888,
      "avg_evasion": 0.06092436974789917
    }
  },
  "by_condition": {
    "batch": {
      "count": 357,
      "precision": 248.7833333333335,
      "recall": 333.58333333333337,
      "f1": 279.41226551226606,
      "evasion": 19.416666666666664,
      "avg_precision": 0.6968720821662003,
      "avg_recall": 0.9344070961718022,
      "avg_f1": 0.7826674103985044,
      "avg_evasion": 0.05438842203548085
    }
  },
  "by_vuln_source": {
    "database": {
      "count": 357,
      "precision": 248.7833333333335,
      "recall": 333.58333333333337,
      "f1": 279.41226551226606,
      "evasion": 19.416666666666664,
      "avg_precision": 0.6968720821662003,
      "avg_recall": 0.9344070961718022,
      "avg_f1": 0.7826674103985044,
      "avg_evasion": 0.05438842203548085
    }
  },
  "completed_at": "2026-02-27T23:52:43.480469"
}