{
  "experiment_id": "exp-20260227_051952",
  "total_games": 180,
  "completed_games": 178,
  "failed_games": 2,
  "metrics": {
    "avg_precision": 0.7737827715355805,
    "avg_recall": 0.9131086142322097,
    "avg_f1_score": 0.8284745529127552,
    "avg_evasion_rate": 0.08689138576779026,
    "total_vulnerabilities": 697,
    "total_findings": 811
  },
  "by_difficulty": {
    "medium": {
      "count": 89,
      "precision": 58.200000000000024,
      "recall": 83.33333333333333,
      "f1": 68.2619047619047,
      "evasion": 5.666666666666666,
      "avg_precision": 0.6539325842696632,
      "avg_recall": 0.9363295880149812,
      "avg_f1": 0.7669876939539855,
      "avg_evasion": 0.06367041198501872
    },
    "hard": {
      "count": 89,
      "precision": 79.53333333333327,
      "recall": 79.19999999999992,
      "f1": 79.20656565656557,
      "evasion": 9.800000000000004,
      "avg_precision": 0.8936329588014975,
      "avg_recall": 0.8898876404494372,
      "avg_f1": 0.8899614118715233,
      "avg_evasion": 0.11011235955056184
    }
  },
  "by_condition": {
    "database": {
      "count": 60,
      "precision": 50.35,
      "recall": 58.13333333333333,
      "f1": 53.599206349206355,
      "evasion": 1.8666666666666667,
      "avg_precision": 0.8391666666666667,
      "avg_recall": 0.9688888888888889,
      "avg_f1": 0.8933201058201059,
      "avg_evasion": 0.03111111111111111
    },
    "novel": {
      "count": 59,
      "precision": 43.149999999999984,
      "recall": 51.19999999999997,
      "f1": 46.32128427128425,
      "evasion": 7.800000000000003,
      "avg_precision": 0.7313559322033896,
      "avg_recall": 0.867796610169491,
      "avg_f1": 0.7851065130726144,
      "avg_evasion": 0.13220338983050853
    },
    "mixed": {
      "count": 59,
      "precision": 44.23333333333333,
      "recall": 53.199999999999996,
      "f1": 47.5479797979798,
      "evasion": 5.800000000000002,
      "avg_precision": 0.7497175141242937,
      "avg_recall": 0.9016949152542372,
      "avg_f1": 0.8058979626776237,
      "avg_evasion": 0.09830508474576274
    }
  },
  "by_vuln_source": {
    "database": {
      "count": 60,
      "precision": 50.35,
      "recall": 58.13333333333333,
      "f1": 53.599206349206355,
      "evasion": 1.8666666666666667,
      "avg_precision": 0.8391666666666667,
      "avg_recall": 0.9688888888888889,
      "avg_f1": 0.8933201058201059,
      "avg_evasion": 0.03111111111111111
    },
    "novel": {
      "count": 59,
      "precision": 43.149999999999984,
      "recall": 51.19999999999997,
      "f1": 46.32128427128425,
      "evasion": 7.800000000000003,
      "avg_precision": 0.7313559322033896,
      "avg_recall": 0.867796610169491,
      "avg_f1": 0.7851065130726144,
      "avg_evasion": 0.13220338983050853
    },
    "mixed": {
      "count": 59,
      "precision": 44.23333333333333,
      "recall": 53.199999999999996,
      "f1": 47.5479797979798,
      "evasion": 5.800000000000002,
      "avg_precision": 0.7497175141242937,
      "avg_recall": 0.9016949152542372,
      "avg_f1": 0.8058979626776237,
      "avg_evasion": 0.09830508474576274
    }
  },
  "completed_at": "2026-02-27T11:40:10.608703"
}