{
  "experiment_id": "exp3_novel_v2",
  "total_games": 180,
  "completed_games": 178,
  "failed_games": 2,
  "metrics": {
    "avg_precision": 0.6904494382022472,
    "std_precision": 0.2318406335178652,
    "avg_recall": 0.9082397003745318,
    "std_recall": 0.20106626622046003,
    "avg_f1_score": 0.7686240413768504,
    "std_f1_score": 0.20428679238584355,
    "avg_evasion_rate": 0.08052434456928839,
    "std_evasion_rate": 0.17628082007703472,
    "total_vulnerabilities": 705,
    "total_findings": 808
  },
  "by_difficulty": {
    "medium": {
      "count": 89,
      "precision": 52.0,
      "recall": 80.66666666666666,
      "f1": 62.20714285714278,
      "evasion": 6.333333333333333,
      "avg_precision": 0.5842696629213483,
      "avg_recall": 0.9063670411985018,
      "avg_f1": 0.698956661316211,
      "avg_evasion": 0.07116104868913857
    },
    "hard": {
      "count": 89,
      "precision": 70.89999999999995,
      "recall": 80.99999999999999,
      "f1": 74.60793650793643,
      "evasion": 8.0,
      "avg_precision": 0.7966292134831455,
      "avg_recall": 0.9101123595505617,
      "avg_f1": 0.8382914214374879,
      "avg_evasion": 0.0898876404494382
    }
  },
  "by_condition": {
    "database": {
      "count": 60,
      "precision": 48.149999999999984,
      "recall": 56.39999999999999,
      "f1": 51.29682539682537,
      "evasion": 3.6000000000000005,
      "avg_precision": 0.8024999999999998,
      "avg_recall": 0.9399999999999998,
      "avg_f1": 0.8549470899470895,
      "avg_evasion": 0.06000000000000001
    },
    "novel": {
      "count": 59,
      "precision": 34.95,
      "recall": 51.86666666666666,
      "f1": 40.931746031746016,
      "evasion": 6.133333333333334,
      "avg_precision": 0.5923728813559322,
      "avg_recall": 0.87909604519774,
      "avg_f1": 0.6937584073177291,
      "avg_evasion": 0.10395480225988701
    },
    "mixed": {
      "count": 59,
      "precision": 39.79999999999999,
      "recall": 53.39999999999998,
      "f1": 44.58650793650792,
      "evasion": 4.600000000000001,
      "avg_precision": 0.6745762711864405,
      "avg_recall": 0.9050847457627115,
      "avg_f1": 0.7557035243475919,
      "avg_evasion": 0.07796610169491527
    }
  },
  "by_vuln_source": {
    "database": {
      "count": 60,
      "precision": 48.149999999999984,
      "recall": 56.39999999999999,
      "f1": 51.29682539682537,
      "evasion": 3.6000000000000005,
      "avg_precision": 0.8024999999999998,
      "avg_recall": 0.9399999999999998,
      "avg_f1": 0.8549470899470895,
      "avg_evasion": 0.06000000000000001
    },
    "novel": {
      "count": 59,
      "precision": 34.95,
      "recall": 51.86666666666666,
      "f1": 40.931746031746016,
      "evasion": 6.133333333333334,
      "avg_precision": 0.5923728813559322,
      "avg_recall": 0.87909604519774,
      "avg_f1": 0.6937584073177291,
      "avg_evasion": 0.10395480225988701
    },
    "mixed": {
      "count": 59,
      "precision": 39.79999999999999,
      "recall": 53.39999999999998,
      "f1": 44.58650793650792,
      "evasion": 4.600000000000001,
      "avg_precision": 0.6745762711864405,
      "avg_recall": 0.9050847457627115,
      "avg_f1": 0.7557035243475919,
      "avg_evasion": 0.07796610169491527
    }
  },
  "completed_at": "2026-03-01T22:17:10.050319"
}