{
  "experiment_id": "exp1s6_kimi_k2_thinking",
  "total_games": 90,
  "completed_games": 90,
  "failed_games": 0,
  "metrics": {
    "avg_precision": 0.14732038992616914,
    "std_precision": 0.17275791162097526,
    "avg_recall": 0.4422222222222222,
    "std_recall": 0.49762983801255267,
    "avg_f1_score": 0.21888271355830918,
    "std_f1_score": 0.25196237917433784,
    "avg_evasion_rate": 0.5577777777777778,
    "std_evasion_rate": 0.49762983801255267,
    "total_vulnerabilities": 441,
    "total_findings": 603
  },
  "by_difficulty": {
    "hard": {
      "count": 90,
      "precision": 13.258835093355222,
      "recall": 39.8,
      "f1": 19.699444220247827,
      "evasion": 50.2,
      "avg_precision": 0.14732038992616914,
      "avg_recall": 0.4422222222222222,
      "avg_f1": 0.21888271355830918,
      "avg_evasion": 0.5577777777777778
    }
  },
  "by_condition": {
    "batch": {
      "count": 90,
      "precision": 13.258835093355222,
      "recall": 39.8,
      "f1": 19.699444220247827,
      "evasion": 50.2,
      "avg_precision": 0.14732038992616914,
      "avg_recall": 0.4422222222222222,
      "avg_f1": 0.21888271355830918,
      "avg_evasion": 0.5577777777777778
    }
  },
  "by_vuln_source": {
    "database": {
      "count": 90,
      "precision": 13.258835093355222,
      "recall": 39.8,
      "f1": 19.699444220247827,
      "evasion": 50.2,
      "avg_precision": 0.14732038992616914,
      "avg_recall": 0.4422222222222222,
      "avg_f1": 0.21888271355830918,
      "avg_evasion": 0.5577777777777778
    }
  },
  "completed_at": "2026-03-10T07:07:51.049144"
}