{
  "experiment_id": "exp1s_deepseek_r1",
  "total_games": 90,
  "completed_games": 90,
  "failed_games": 0,
  "metrics": {
    "avg_precision": 0.889889770723104,
    "std_precision": 0.15964801979803298,
    "avg_recall": 0.9566666666666666,
    "std_recall": 0.12183060629092134,
    "avg_f1_score": 0.9149948816615484,
    "std_f1_score": 0.12963923621568385,
    "avg_evasion_rate": 0.043333333333333335,
    "std_evasion_rate": 0.12183060629092134,
    "total_vulnerabilities": 439,
    "total_findings": 483
  },
  "by_difficulty": {
    "hard": {
      "count": 90,
      "precision": 80.09007936507936,
      "recall": 86.09999999999998,
      "f1": 82.34953934953931,
      "evasion": 3.900000000000001,
      "avg_precision": 0.889889770723104,
      "avg_recall": 0.9566666666666664,
      "avg_f1": 0.914994881661548,
      "avg_evasion": 0.04333333333333334
    }
  },
  "by_condition": {
    "batch": {
      "count": 90,
      "precision": 80.09007936507936,
      "recall": 86.09999999999998,
      "f1": 82.34953934953931,
      "evasion": 3.900000000000001,
      "avg_precision": 0.889889770723104,
      "avg_recall": 0.9566666666666664,
      "avg_f1": 0.914994881661548,
      "avg_evasion": 0.04333333333333334
    }
  },
  "by_vuln_source": {
    "database": {
      "count": 90,
      "precision": 80.09007936507936,
      "recall": 86.09999999999998,
      "f1": 82.34953934953931,
      "evasion": 3.900000000000001,
      "avg_precision": 0.889889770723104,
      "avg_recall": 0.9566666666666664,
      "avg_f1": 0.914994881661548,
      "avg_evasion": 0.04333333333333334
    }
  },
  "completed_at": "2026-03-03T06:17:36.498566"
}