{
  "experiment_id": "exp-20260228_060523",
  "total_games": 192,
  "completed_games": 189,
  "failed_games": 3,
  "metrics": {
    "avg_precision": 0.7463844797178131,
    "avg_recall": 0.8507936507936509,
    "avg_f1_score": 0.7851939653526955,
    "avg_evasion_rate": 0.1439153439153439,
    "total_vulnerabilities": 829,
    "total_findings": 920
  },
  "by_difficulty": {
    "medium": {
      "count": 93,
      "precision": 66.0690476190476,
      "recall": 81.13333333333327,
      "f1": 71.94401154401146,
      "evasion": 11.866666666666667,
      "avg_precision": 0.7104198668714795,
      "avg_recall": 0.8724014336917556,
      "avg_f1": 0.7735915219786178,
      "avg_evasion": 0.12759856630824373
    },
    "hard": {
      "count": 96,
      "precision": 74.99761904761903,
      "recall": 79.66666666666663,
      "f1": 76.45764790764785,
      "evasion": 15.33333333333333,
      "avg_precision": 0.7812251984126982,
      "avg_recall": 0.8298611111111107,
      "avg_f1": 0.7964338323713318,
      "avg_evasion": 0.15972222222222218
    }
  },
  "by_condition": {
    "baseline": {
      "count": 48,
      "precision": 33.33333333333333,
      "recall": 44.06666666666666,
      "f1": 37.387229437229436,
      "evasion": 3.933333333333334,
      "avg_precision": 0.6944444444444443,
      "avg_recall": 0.9180555555555555,
      "avg_f1": 0.7789006132756132,
      "avg_evasion": 0.08194444444444446
    },
    "red_pipeline": {
      "count": 48,
      "precision": 37.96666666666667,
      "recall": 41.800000000000004,
      "f1": 39.6989898989899,
      "evasion": 6.200000000000002,
      "avg_precision": 0.7909722222222223,
      "avg_recall": 0.8708333333333335,
      "avg_f1": 0.8270622895622896,
      "avg_evasion": 0.1291666666666667
    },
    "blue_ensemble": {
      "count": 47,
      "precision": 36.98333333333334,
      "recall": 44.53333333333333,
      "f1": 39.8932178932179,
      "evasion": 2.466666666666667,
      "avg_precision": 0.7868794326241136,
      "avg_recall": 0.9475177304964538,
      "avg_f1": 0.848791870068466,
      "avg_evasion": 0.0524822695035461
    },
    "full_multiagent": {
      "count": 46,
      "precision": 32.783333333333346,
      "recall": 30.400000000000006,
      "f1": 31.42222222222223,
      "evasion": 14.599999999999996,
      "avg_precision": 0.7126811594202901,
      "avg_recall": 0.6608695652173914,
      "avg_f1": 0.6830917874396137,
      "avg_evasion": 0.317391304347826
    }
  },
  "by_vuln_source": {
    "database": {
      "count": 189,
      "precision": 141.0666666666666,
      "recall": 160.80000000000004,
      "f1": 148.4016594516595,
      "evasion": 27.19999999999999,
      "avg_precision": 0.7463844797178127,
      "avg_recall": 0.850793650793651,
      "avg_f1": 0.7851939653526958,
      "avg_evasion": 0.14391534391534386
    }
  },
  "completed_at": "2026-02-28T11:43:09.179686"
}