{
  "experiment_id": "exp1_stratification_v2",
  "total_games": 1350,
  "completed_games": 1348,
  "failed_games": 2,
  "metrics": {
    "avg_precision": 0.6844537468795628,
    "std_precision": 0.22761070532609268,
    "avg_recall": 0.9414193867457962,
    "std_recall": 0.17013388281395503,
    "avg_f1_score": 0.7762735162957715,
    "std_f1_score": 0.19114851847763303,
    "avg_evasion_rate": 0.0481948565776459,
    "std_evasion_rate": 0.1402206776333375,
    "total_vulnerabilities": 4404,
    "total_findings": 6108
  },
  "by_difficulty": {
    "easy": {
      "count": 449,
      "precision": 236.65476190476215,
      "recall": 427.5,
      "f1": 299.1134920634931,
      "evasion": 17.5,
      "avg_precision": 0.5270707392088244,
      "avg_recall": 0.9521158129175946,
      "avg_f1": 0.6661770424576683,
      "avg_evasion": 0.03897550111358575
    },
    "medium": {
      "count": 450,
      "precision": 305.52380952380986,
      "recall": 423.41666666666674,
      "f1": 351.18888888888836,
      "evasion": 18.583333333333336,
      "avg_precision": 0.6789417989417997,
      "avg_recall": 0.940925925925926,
      "avg_f1": 0.7804197530864185,
      "avg_evasion": 0.0412962962962963
    },
    "hard": {
      "count": 449,
      "precision": 380.46507936507925,
      "recall": 418.11666666666724,
      "f1": 396.11431901432076,
      "evasion": 28.883333333333294,
      "avg_precision": 0.8473609785413792,
      "avg_recall": 0.9312175204157399,
      "avg_f1": 0.8822145189628524,
      "avg_evasion": 0.06432813659985144
    }
  },
  "by_condition": {
    "batch": {
      "count": 1348,
      "precision": 922.6436507936531,
      "recall": 1269.033333333332,
      "f1": 1046.4166999666968,
      "evasion": 64.96666666666677,
      "avg_precision": 0.6844537468795646,
      "avg_recall": 0.9414193867457952,
      "avg_f1": 0.7762735162957691,
      "avg_evasion": 0.04819485657764597
    }
  },
  "by_vuln_source": {
    "database": {
      "count": 1348,
      "precision": 922.6436507936531,
      "recall": 1269.033333333332,
      "f1": 1046.4166999666968,
      "evasion": 64.96666666666677,
      "avg_precision": 0.6844537468795646,
      "avg_recall": 0.9414193867457952,
      "avg_f1": 0.7762735162957691,
      "avg_evasion": 0.04819485657764597
    }
  },
  "completed_at": "2026-03-02T22:45:31.195203"
}